UFID,x,y
100037612010B0011fe822b669bf34e82,126.9980530904,37.4968566988
100037612010B00118a586111e88c4e1d,126.9980229198,37.4966765309
100037612010B00118dbf855ddc34468f,126.9978870292,37.4987883182
100037612010B001117d3af64e5db4d07,126.9979086459,37.4989350827
100037612010B00115619ef8bbaa142ba,126.9992294942,37.4984155923
100037612010B0011cc616ee6ccb44eba,126.9975796140,37.4982422373
100037612010B00115f63f375bb67409d,126.9975697217,37.4981313771
100037612010B00111855a18b999b4331,126.9991631357,37.4974599832
100037612010B00114cd40609e5a54e9f,126.9971939942,37.4985099038
100037612010B00111a736da48bc241a2,126.9981225477,37.4980223209
100037612010B001122a920fcf4684b84,126.9989255144,37.4985045866
100037612010B0011ce2ebe0dec0d4941,126.9985894192,37.4987479119
100037612010B0011ce25a00ec1624edc,126.9987218245,37.4976870219
100037612010B0011a5213ac2a1c94bce,126.9978207809,37.4992067947
100037612010B0011aabce3316b1444e4,126.9986463753,37.4985423703
100037612010B0011a5f3164e85344b64,126.9980059568,37.4962509353
100037612010B00113bf154f9b96247b8,126.9977397377,37.4972976373
100037612010B00119938446898cb4da5,126.9978984764,37.4972898062
100037612010B0011239ae1dcd05c46d4,126.9973912311,37.4979956161
100037612010B0011a72f357bb77f4203,126.9972811159,37.4980024387
100037612010B00115cc8618b7db84202,126.9972040825,37.4993528132
100037612010B0011b3b8c73e14c84c69,126.9985037456,37.4977040297
100037612010B00111c88f0ed6f6742e8,126.9972297643,37.4991357298
100037612010B00113db2f17f04af4341,126.9983611225,37.4959743065
100037612010B001100f8e4eec93c415a,126.9985024628,37.4994408046
100037612010B0011ef6914e162134045,126.9982076506,37.4983721999
100037612010B001188b9565c3669489a,126.9985619969,37.4979132859
100037612010B00115c6dcf50485e423f,126.9990277455,37.4950885668
100037612010B001102cee0011e864e6d,126.9989510866,37.4987277769
100037612010B00116cc83c850d3f41f3,126.9978614223,37.4958389472
100037612010B00112115a2d6891842a4,126.9974085989,37.4986460469
100037612010B0011152d5b02486644f7,126.9978496500,37.4954192282
100037612010B0011fabc529724784f28,126.9989286367,37.4983230429
100037612010B0011ce87f6fb30584153,126.9982334399,37.4989076136
100037612010B001171ca991c5d56440e,126.9981729523,37.4982471286
100037612010B001101e1f145ad3642b4,126.9971042324,37.4960446241
100037612010B0011bfefa45820284e8d,126.9971881820,37.4964299613
100037612010B0011fff281f9081445dc,126.9976447290,37.4962540630
100037612010B001146f26d0851b546f5,126.9977809684,37.4962407680
100037612010B0011dab71b3012d04912,126.9974077768,37.4963679259
100037612010B00115c1d0d687d3742c4,126.9968828665,37.4963273830
100037612010B0011a330857aa70449d1,126.9986661511,37.4961984349
100037612010B001120f39f39f40b49da,126.9985872078,37.4956167812
100037612010B00110305410e16fb4ead,126.9986794454,37.4963867517
100037612010B0011dbbb10f7a7ef45e5,126.9992240774,37.4981847569
100037612010B00112f8cae7c93d24ffb,126.9995102729,37.4978607038
100037612010B001168d0f9bec30a4030,126.9987202356,37.4983285379
100037612010B00118709101597f14d38,126.9974487437,37.4967426093
100037612010B00115ff5b6fe875f4b3b,126.9986117088,37.4966153729
100037612010B0011b160ef6a2e894130,126.9969534094,37.4967191990
100037612010B0011fd7a0f399fec4cdb,126.9986673916,37.4959973950
100037612010B00114faa0718ed5542d7,126.9987016044,37.4957929127
100037612010B00117750d573aacb4012,126.9988113358,37.4974406694
100037612010B00117956187d228b451e,126.9985710010,37.4954324659
100037612010B0011f008e43c168a4deb,126.9965143053,37.4952043139
100037612010B00115d6fee79c06f4c5e,126.9986306251,37.4968452560
100037612010B001161061259d7d44e26,126.9992676721,37.4972874369
100037612010B00111b5d83569b464b79,126.9992428200,37.4970457252
100037612010B00118886c8bafb404818,126.9989478757,37.4954257535
100037612010B0011e12424c4d76b4986,126.9992332852,37.4982856035
100037612010B0011a5be13104a804b91,126.9993353418,37.4987592576
100037612010B0011be61750008f6451c,126.9993302041,37.4992454707
100037612010B00111272eddd3dca402b,126.9994448851,37.4983805077
100037612010B0011733d7cfaffa342ce,126.9987844765,37.4988937073
100037612010B0011b0d4aaad7dc04553,126.9993195869,37.4989983751
100037612010B0011cb7ab3c837c948f3,126.9994022195,37.4985127996
100037612010B0011ef573a4467094972,126.9994804508,37.4981448129
100037612010B0011d2e04dec35e5493d,126.9989579498,37.4988804151
100037612010B0011c8277fa6bc404e0c,126.9991271618,37.4959311070
100037612010B0011f25c3de718f545a4,126.9991905315,37.4964823394
100037612010B0011c680ce0368284a25,126.9992195176,37.4967657414
100037612010B001112921a45306b4fdd,126.9992064992,37.4954628586
100037612010B0011b0ac40c63e9b4e04,126.9991613028,37.4961972301
100037612010B00111cb94d3397424c40,126.9991004865,37.4956746282
100037612010B0011e3885a5aa54d470c,126.9979165479,37.4983024416
100037612010B0011361098e8b5314d6c,126.9979376907,37.4985532894
100037612010B0011b4c0134bcd084893,126.9978460090,37.4975151450
100037612010B00110fa82deb65ce4a71,126.9978735897,37.4990790494
100037612010B00115112faab3efd4a3a,126.9970323714,37.4969192967
100037612010B00118b2bdbd6d35e4772,126.9977938939,37.4969032541
100037612010B00110a63d8eaecf84416,126.9986249123,37.4999271374
100037612010B0011d474caa61bef419a,126.9974232820,37.4969231524
100037612010B0011367f86fa71384f15,126.9983852611,37.4958100286
100037612010B001181fbd5e8e39541e1,126.9976584781,37.4951908048
100037612010B001195d209bef4424a79,126.9977408164,37.4967314473
100037612010B0011c2645521cf7941e5,126.9977279028,37.4965052150
100037612010B001162292fd897114d7b,126.9971432282,37.4971561516
100037612010B00118166d23294db4508,126.9973027148,37.4976052291
100037612010B0011f999424fcc074a5a,126.9983503006,37.4996661309
100037612010B001122764ad86b974d0d,126.9981517715,37.4981294959
100037612010B0011273017096aab4e58,126.9988821584,37.4991086816
100037612010B001152491d8b6d8f4735,126.9986055243,37.4991169070
100037612010B0011f135291f118f4d7c,126.9972939299,37.4973883886
100037612010B0011080ed4561a534fdd,126.9976922325,37.4995257782
100037612010B0011633959baf89c422e,126.9985742240,37.4992809389
100037612010B0011f047dd16f6d74ac3,126.9974550732,37.4971532097
100037612010B0011e57380df4aae4fd3,126.9986587092,37.4980945850
100037612010B001168a6d79c10e142b9,126.9976363955,37.4959761682
100037612010B00115c549281b3b746e0,126.9971513351,37.4962423160
100037612010B0011b8deaafd795049f7,126.9972657531,37.4967011696
100037612010B00119696516908554381,126.9968884409,37.4965463949
100037612010B00115abb27202ab847ec,126.9967096913,37.4963313165
100037612010B0011476e3a05a4ed43a8,126.9970364053,37.4955581012
100037612010B0011925e484f17d047cf,126.9973241260,37.4960307645
100037612010B001166e284d8364e4301,126.9993767688,37.4978662859
100037612010B0011224c84f291074dfe,126.9966847107,37.4960447788
100037612010B00115818d20185d04970,126.9992015806,37.4978873742
100037612010B00110b5ad49d05994ea5,126.9970554755,37.4958014853
100037612010B0011758b0837b287432f,126.9989792558,37.4992639955
100037612010B0011601c073a176748fa,126.9966377321,37.4956153136
100037612010B0011fa31cac341e84f71,126.9988868503,37.4980857947
100037612010B00112dcadac052c74aa5,126.9966347347,37.4958317228
100037612010B0011974a87afad174a2a,126.9995324095,37.4985077446
100037612010B0011130789f03753445b,126.9967133210,37.4950843626
100037612010B0011d9625ac4078c4f3c,126.9992179051,37.4985345533
100037612010B0011acefe3b7b4a549ec,126.9975839633,37.4954617046
100037612010B0011136bb2a885c04196,126.9992311721,37.4980544187
100037612010B00110a13f522d9c34729,126.9988948479,37.4995445878
100037612010B0011f3afd1eb8a074f25,126.9982091220,37.4952653472
100037612010B00118ac1c8907ca8442f,126.9988250532,37.4992769111
100037612010B00119993f54ad0d94122,126.9982326115,37.4985517369
100037612010B001139c12f4fcb1a46f3,126.9981269037,37.4979161938
100037612010B0011326c4893ef5f4b28,126.9982679959,37.4954407460
100037612010B00116bd4c0414026424d,126.9966492386,37.4953936303
100037612010B0011ce26d7df3f994be5,126.9974878895,37.4988515570
100037612010B001116608b4d6c5341d8,126.9972457795,37.4951156469
100037612010B00112ac967a3c9b347f5,126.9988712561,37.4978863612
100037612010B0011324da4e509ee46ae,126.9982650457,37.4956088950
100037612010B0011a24fc9c702ae4b64,126.9988894758,37.4977052449
100037612010B001177b57ddeadb74940,126.9973955921,37.4985111378
100037612010B0011c02004da119c4e76,126.9982495986,37.4990592837
100037612010B0011e7fc974abd984792,126.9973863252,37.4983718053
100037612010B001166f79e24437a4faf,126.9982018446,37.4987602356
100037612010B00115cd09d59a41847ee,126.9971835303,37.4983819365
100037612010B0011ea70c593fe224b29,126.9981594636,37.4991476189
100037612010B0011f2ba8bb8e8f94220,126.9985057976,37.4951585703
100037612010B00111436e499f9ff40dd,126.9981818794,37.4951119341
100037612010B0011866e57c7af77459a,126.9983536897,37.4997778339
100037612010B0011728a01ecc38b4dba,126.9972758117,37.4953083880
100037612010B001126c9883c69b14e21,126.9970166774,37.4953224687
100037612010B0011dddea0409849415e,126.9989977816,37.4990806843
100037612010B0011a292f29eb9ea436f,126.9991827802,37.4952791475
100037612010B0011548d717f479a4b13,126.9973009057,37.4956655344
100037612010B001150bfbe90a2cb4294,126.9987732367,37.4987365377
100037612010B0011f2d043b390104751,126.9987664439,37.4990933573
100037612010B00118c1beb5453614da7,126.9972278754,37.4949928607
100037612010B00110ec2d18e94ef4720,126.9988443819,37.4975849627
100037612010B0011591bdb503c664753,126.9964713519,37.4949937202
100037612010B00113455161ee6a24616,126.9994470616,37.4976058221
100037612010B0011f95babd462c64452,126.9991943222,37.4976172765
100037612010B00118e88dc5ed8de41d9,126.9973661916,37.4977741164
100037612010B0011ee3bd54461fc41ae,126.9970892606,37.4977895601
100037612010B0011079bf73602ba4253,126.9985274582,37.4983661548
100037612010B00117c059e0776ee49ab,126.9985403618,37.4975702413
100037612010B001143cfa17ab93f4bb6,126.9985762680,37.4989163243
100037612010B00116ca4d65b53884d4d,126.9972008199,37.4982275695
100037612010B0011f0ff58c8628d419c,126.9977988650,37.4979558427
100037612010B0011bd150d4fc8244c75,126.9974841934,37.4991215913
100037612010B0011bf64eb0b1a934680,126.9978009412,37.4977053160
100037612010B00115e95e43dbf1e4983,126.9976148261,37.4986208678
100037612010B001121ca18a3e3934ba4,126.9977538806,37.4993545462
100037612010B001160e8b36318d448d0,126.9975955398,37.4983464022
100037612010B00110a94e8fbe72243ea,126.9979133688,37.4996304673
100037612010B00114371cf22658a45d7,126.9972201199,37.4977751869
100037612010B00118d591943abee4fc5,126.9978089161,37.4970989102
100037612010B0011ca6d0cf9207c4925,126.9975293771,37.4977952487
100037612010B0011753da023b41b44ba,126.9974049112,37.4982054796
100037612010B00113ef68ab962144798,126.9971965697,37.4986588151
100037612010B00112a7f1ac70d7c444b,126.9976263296,37.4989657306
100037612010B001164f749c63a164ec8,126.9972838253,37.4989825228
100037612010B0011c80d6d7679624e2e,126.9971432235,37.4980676614
100037612010B0011b20e3bf4bec14a9c,126.9984699097,37.4970825659
100037612010B0011cc74738afa04413b,126.9985066443,37.4973458742
100037612010B0011437418dbf271478c,126.9983760188,37.4962025664
100037612010B00119994e50e4f23434f,126.9983970843,37.4964066622
100037612010B0011fe57819bfb8c466c,126.9984713315,37.4995625337
100037612010B0011baa705a6fd17488f,126.9985620863,37.4990183752
100037612010B00112dcc70691cf2488a,126.9970091594,37.4951289222
100037612010B0011aedac073c2de4ec4,126.9985172760,37.4974549755
100037612010B001174c77889ba3647af,126.9974037361,37.4993998751
100037612010B001152b2f580eb554d78,126.9980964853,37.4993761823
100037612010B00110aa2c5c7b7eb436b,126.9980469074,37.4989291887
100037612010B001127286514e8684cab,126.9979333364,37.4979599429
100037612010B001126d6e9db925342fd,126.9979773315,37.4981452793
100037612010B0011a580a68248de49eb,126.9980990967,37.4973200191
100037612010B001159fd4d211a2e44ba,126.9979481037,37.4977103952
100037612010B001165f2c8e76ef344e6,126.9975986611,37.4985024957
100037612010B0011ba6f1ac264c3423f,126.9973585065,37.4988316463
100037612010B0011733da95cc2884d74,126.9975551423,37.4979743742
100037612010B00111280b290d6294b7b,126.9972054030,37.4988315112
100037612010B001107ac3e61bc384c4a,126.9976472039,37.4987970946
100037612010B00111f3638dbf86c4f12,126.9980024549,37.4964486793
100037612010B00113e3c93217c7f4825,126.9981445221,37.4974627132
100037612010B001169667f3c85444faf,126.9980985449,37.4971054695
100037612010B0011a6500aebc55446a7,126.9981355514,37.4977269090
100037612010B0011328ee27b34994a8d,126.9981444735,37.4975964825
